"Добрый день, уже несколько раз пробовал сбросить пароль, но письма с временным паролем не приходят на мою почту. Что делать? Очень нужно войти в свой аккаунт."
"Добрый день, я оплатил подписку, но не могу войти в свой аккаунт. Пожалуйста, помогите решить эту проблему."
"Оплатила подписку, не заходит на аккаунт"
"Здравствуйте, я хотел бы удалить свой аккаунт и все связанные с ним данные. Пожалуйста, предоставьте мне инструкции о том, как это сделать."
Как удалить аккаунт?
Приветствую! Я забыл свой логин и пароль от аккаунта. Можете ли вы помочь мне и восстановить доступ к моей учетной записи?
"Добрый день, как я могу выйти из своего аккаунта?"
"Здравствуйте, Высвечивается ошибка привет, произошел сбой у провайдера! сейчас узнаем в чем дело и все заработает. приносим извинения!"
"Здравствуйте, как я могу изменить адрес электронной почты, связанный с аккаунтом?"
"Приветствую! Мне нужно изменить адрес электронной почты, связанный с моим аккаунтом. Как я могу это сделать? Желательно, чтобы процесс был максимально прост и быстр."
"Приветствую, у меня была куплена подписка на этот месяц, но на моем аккаунте она так и не отобразилась. Что мне делать в этой ситуации?"
хочу удалить аккаунт
"Здравствуйте! Пару дней назад оформила у вас подписку на месяц, так как осталась довольна перефразированием текста. Все работало хорошо, однако сегодня весь день сайт выдает сбой у провайдера. Хотелось бы побыстрее закончить свою работу. Очень надеюсь на оперативное решение проблемы. Спасибо!"
"Привет, хочу удалить свой аккаунт."
"Здравствуйте, как я могу выйти из своего аккаунта? Не вижу соответствующей опции на странице. Хочу быть уверен, что мой аккаунт не остается открытым на общедоступном компьютере."
"Здравствуйте, как я могу зайти в свою учетную запись на другом компьютере?"
Здравствуйте! Я хочу зайти в свою учетную запись на другом компьютере. Как мне это сделать? Нужны ли мне какие-то особые данные или настройки?
"Здравствуйте, я уже несколько раз пытался сбросить пароль, но система не отправляет мне письмо с инструкциями. Я беспокоюсь о безопасности моего аккаунта. Прошу помощи в данном вопросе."
"Привет, мне нужно удалить свой аккаунт. Как мне это сделать?"
"здравствуйте, у меня была подписка куплена на этот месяц, за 24.04 пришел чек, но подписки на этом аккаунте так и не отобразилась. что делать?"
Как зайти в эту программу на другом компьютере. Какой мой логин и пароль?
Добрый день! Хотел бы удалить свой аккаунт. Какую процедуру я должен пройти для полного удаления всех моих данных?
"Привет! Можете рассказать мне о лимитах, существующих в бесплатной версии аккаунта? Хочу знать, что я могу делать и на что я ограничен."
"Привет, уже несколько дней у меня возникает проблема с загрузкой файлов на вашем сервисе. Они просто не загружаются и происходит сбой. Пожалуйста, проверьте и исправьте эту ошибку."
"Здравствуйте, я потерял доступ к аккаунту, но деньги все равно были списаны за подписку. Я могу рассчитывать на возврат?"
"Привет, я забыл свой логин и пароль. Как мне их восстановить?"
"Добрый день! У нас закончились лимиты, а до следующего месяца еще долго ждать (4 апреля). Подскажите я могу оплатить снова подписку ($10) и таким образом обновить лимиты в рамках данного аккаунта или мне нужно регистрировать новый аккаунт?"
Как выйти из аккаунта?
""
